[
	{		
		"fieldName": "Number",
		"values": null,
		"dataType": "STRING",
		"opType": "ENTITY_ID"
	},
	{		
		"fieldName": "PedalForce",
		"values": null,
		"range": {"min": 0, "max": 100},
		"dataType": "DOUBLE",
		"opType": "CONTINUOUS",
		"timeSamplingInterval": null,
		"isStatic": true
	},
	{		
		"fieldName": "BrakeForce",
		"values": null,
		"range": {"min": 0, "max": 100},
		"dataType": "DOUBLE",
		"opType": "CONTINUOUS",
		"timeSamplingInterval": null,
		"isStatic": false
	},
	{		
		"fieldName": "SpeedBefore",
		"values": null,
		"range": {"min": 0, "max": 220},
		"dataType": "DOUBLE",
		"opType": "CONTINUOUS",
		"timeSamplingInterval": null,
		"isStatic": true
	},
	{		
		"fieldName": "SpeedAfter",
		"values": null,
		"range": {"min": 0, "max": 220},
		"dataType": "DOUBLE",
		"opType": "CONTINUOUS",
		"timeSamplingInterval": null,
		"isStatic": false
	},
	{		
		"fieldName": "Timestamp",
		"values": null,
		"dataType": "DOUBLE",
		"opType": "TEMPORAL",
		"timeSamplingInterval": 1,
		"isStatic": false
	},
	{		
		"fieldName": "useageCount",
		"values": null,
		"dataType": "DOUBLE",
		"opType": "CONTINUOUS"
	},
	{		
		"fieldName": "anomalie",
		"values": null,
		"range": null,
		"dataType": "BOOLEAN",
		"opType": "BOOLEAN",
		"timeSamplingInterval": null,
		"isStatic": false
	},
	{		
		"fieldName": "TimeTillFailure",
		"range" : {"min":0, "max": 36000},
		"dataType": "DOUBLE",
		"opType": "CONTINUOUS",
		"isStatic": false
	},
	{		
		"fieldName": "failure",
		"values": null,
		"range": null,
		"dataType": "BOOLEAN",
		"opType": "BOOLEAN",
		"timeSamplingInterval": null,
		"isStatic": false
	}
	
]